<NotepadPlus>
    <Session activeView="0">
        <mainView activeIndex="2">
            <File firstVisibleLine="6" xOffset="0" scrollWidth="464" startPos="742" endPos="742" selMode="0" lang="Assembly" encoding="-1" filename="C:\assembler\one.asm" />
            <File firstVisibleLine="0" xOffset="0" scrollWidth="592" startPos="0" endPos="0" selMode="0" lang="&#x041E;&#x0431;&#x044B;&#x0447;&#x043D;&#x044B;&#x0439; &#x0422;&#x0435;&#x043A;&#x0441;&#x0442;" encoding="-1" filename="C:\assembler\one.lst" />
            <File firstVisibleLine="139" xOffset="0" scrollWidth="464" startPos="1716" endPos="1716" selMode="0" lang="Assembly" encoding="866" filename="C:\assembler\mac.asm" />
        </mainView>
        <subView activeIndex="0" />
    </Session>
</NotepadPlus>
